id,first_name,last_name,email,gender,ip_address
1,Washington,Colicot,wcolicot0@wikia.com,Male,238.42.63.35
2,Joye,Lade,jlade1@alexa.com,Genderfluid,210.198.85.144
3,Kore,Lambregts,klambregts2@si.edu,Female,204.178.189.35
4,Sidnee,Trowl,strowl3@booking.com,Female,166.217.41.156
5,Frederico,Bromehed,fbromehed4@salon.com,Female,73.8.132.0
6,Arnold,Spadazzi,aspadazzi5@ox.ac.uk,Female,164.22.76.191
7,Dillon,Hallor,dhallor6@oracle.com,Male,146.171.167.125
8,Harlin,Djurdjevic,hdjurdjevic7@cargocollective.com,Female,162.9.182.253
9,Annaliese,Jee,ajee8@wufoo.com,Male,1.249.68.32
10,Fredric,Burberry,fburberry9@yandex.ru,Female,167.77.220.95
11,Thomas,Brittain,tbrittaina@livejournal.com,Female,20.76.139.77
12,Andriette,Grevatt,agrevattb@cdc.gov,Male,121.80.237.25
13,Danell,Barreau,dbarreauc@storify.com,Male,217.167.102.127
14,Dawna,Shivell,dshivelld@multiply.com,Male,170.27.11.234
15,Cally,Longbottom,clongbottome@shareasale.com,Female,55.2.181.186
16,Mary,Devlin,mdevlinf@ning.com,Female,152.144.93.236
17,Garek,Skellon,gskellong@cisco.com,Female,169.231.161.130
18,Conrado,Rorke,crorkeh@discuz.net,Female,21.88.36.118
19,Donny,Spiers,dspiersi@furl.net,Female,169.187.197.87
20,Adrian,Teeney,ateeneyj@amazon.com,Female,84.33.251.163
21,Anne,Cornely,acornelyk@spotify.com,Bigender,133.255.70.20
22,Rusty,Lowle,rlowlel@goo.gl,Bigender,233.218.227.76
23,Toiboid,Hauxby,thauxbym@usda.gov,Female,45.19.174.22
24,Aldwin,Kinnen,akinnenn@xrea.com,Male,142.82.34.240
25,Celeste,Alastair,calastairo@google.com.br,Female,222.198.32.111
26,Wiatt,Verey,wvereyp@cmu.edu,Female,160.140.138.131
27,Donn,Bland,dblandq@google.com.hk,Female,20.235.119.73
28,Gusti,Schlagh,gschlaghr@spiegel.de,Female,86.244.212.113
29,Corrine,Corneil,ccorneils@odnoklassniki.ru,Female,192.253.185.24
30,Jobina,Waterman,jwatermant@barnesandnoble.com,Genderfluid,59.87.83.6
31,Reese,Casbourne,rcasbourneu@telegraph.co.uk,Male,219.72.201.176
32,Iseabal,Donnelly,idonnellyv@dropbox.com,Female,148.84.86.164
33,Kennedy,Huson,khusonw@wikipedia.org,Female,177.195.36.130
34,Sandie,Simanenko,ssimanenkox@ameblo.jp,Male,133.224.183.233
35,Angelique,Mewes,amewesy@berkeley.edu,Male,198.4.35.250
36,Bogey,Reynold,breynoldz@tumblr.com,Male,29.219.106.145
37,Mischa,Osgar,mosgar10@prweb.com,Female,144.3.22.247
38,Domeniga,Drewett,ddrewett11@nsw.gov.au,Female,225.198.81.198
39,Jory,Woollhead,jwoollhead12@google.co.jp,Female,151.100.217.251
40,Haskel,Wainwright,hwainwright13@ucoz.com,Male,236.141.203.70
41,Corilla,Able,cable14@amazonaws.com,Female,204.183.208.226
42,Torrance,Brinkley,tbrinkley15@diigo.com,Genderqueer,93.160.0.119
43,Lucien,Sturrock,lsturrock16@sun.com,Male,213.86.76.231
44,Ethe,Moulder,emoulder17@tmall.com,Male,158.0.71.0
45,Jasmina,Kellaway,jkellaway18@taobao.com,Female,237.4.11.197
46,Zacharias,Ranfield,zranfield19@wired.com,Female,117.56.240.93
47,Zondra,Cayette,zcayette1a@tuttocitta.it,Female,10.241.96.1
48,Amberly,Van Giffen,avangiffen1b@quantcast.com,Non-binary,236.220.141.169
49,Michel,Oakman,moakman1c@yale.edu,Female,54.5.165.167
50,Ortensia,Kenson,okenson1d@ft.com,Female,254.205.215.93
51,Tye,Saffill,tsaffill1e@ifeng.com,Female,234.144.44.41
52,Cointon,McKibbin,cmckibbin1f@stumbleupon.com,Male,51.29.148.194
53,Man,Lidgley,mlidgley1g@cloudflare.com,Female,22.38.14.43
54,Lusa,Exton,lexton1h@wsj.com,Female,3.217.187.18
55,Ebonee,Beams,ebeams1i@who.int,Female,85.30.183.60
56,Pietro,Baugham,pbaugham1j@moonfruit.com,Male,95.128.178.89
57,Robena,Burdikin,rburdikin1k@amazon.co.jp,Female,5.146.227.216
58,L;urette,Rutter,lrutter1l@imageshack.us,Male,215.37.50.201
59,Gloriane,Sparway,gsparway1m@npr.org,Male,99.146.130.104
60,Westleigh,Mouat,wmouat1n@taobao.com,Male,93.61.39.151
61,Janka,Belvard,jbelvard1o@slideshare.net,Male,211.79.65.152
62,Annnora,Orys,aorys1p@goo.gl,Agender,28.118.20.129
63,Cathryn,Hunnicot,chunnicot1q@diigo.com,Male,38.147.65.196
64,Mayne,Baddam,mbaddam1r@histats.com,Female,190.141.8.134
65,Parnell,Hurn,phurn1s@w3.org,Female,53.50.59.58
66,Donielle,Santus,dsantus1t@upenn.edu,Male,11.19.178.57
67,Marlon,Vowden,mvowden1u@umn.edu,Female,156.184.173.4
68,Aron,Habershaw,ahabershaw1v@amazon.de,Male,178.229.231.62
69,Francisco,Alldritt,falldritt1w@businessweek.com,Female,233.62.14.64
70,Bell,Darlaston,bdarlaston1x@apache.org,Male,59.48.140.124
71,Merissa,Ianinotti,mianinotti1y@shutterfly.com,Male,88.94.166.88
72,Falkner,Vonderdell,fvonderdell1z@irs.gov,Male,161.112.188.88
73,Odey,Dole,odole20@plala.or.jp,Female,52.51.166.99
74,Esther,Clancy,eclancy21@de.vu,Male,0.114.221.50
75,Kristopher,Ditts,kditts22@devhub.com,Female,242.103.84.113
76,Robinette,McClelland,rmcclelland23@seesaa.net,Female,16.53.25.15
77,Lenora,Piggin,lpiggin24@goo.gl,Genderqueer,55.188.138.63
78,Blakeley,Fratson,bfratson25@studiopress.com,Female,85.227.18.142
79,Violante,Macbane,vmacbane26@stanford.edu,Female,203.201.143.178
80,Morganne,Scathard,mscathard27@telegraph.co.uk,Male,77.41.187.247
81,Alexina,Cunde,acunde28@barnesandnoble.com,Male,152.218.90.125
82,Sybila,Cleworth,scleworth29@bbc.co.uk,Male,18.234.144.58
83,Hannie,Bigglestone,hbigglestone2a@over-blog.com,Female,146.216.4.19
84,Al,Robak,arobak2b@nifty.com,Male,103.1.51.60
85,Vachel,Toretta,vtoretta2c@mapy.cz,Male,44.218.57.18
86,Maddy,Tompkinson,mtompkinson2d@unblog.fr,Male,60.126.35.168
87,Price,Wadwell,pwadwell2e@mysql.com,Male,40.193.99.91
88,Bernete,Stenett,bstenett2f@shop-pro.jp,Female,61.141.100.114
89,Moritz,Mendel,mmendel2g@eepurl.com,Agender,81.155.77.15
90,Zolly,Pughsley,zpughsley2h@creativecommons.org,Female,83.48.52.197
91,Lacy,Appleyard,lappleyard2i@acquirethisname.com,Female,176.221.110.135
92,Dani,Dashkov,ddashkov2j@oaic.gov.au,Female,176.2.212.73
93,Homerus,Chritchlow,hchritchlow2k@epa.gov,Male,123.37.130.142
94,Teador,Brignell,tbrignell2l@alibaba.com,Female,42.150.175.222
95,Latia,Maplethorp,lmaplethorp2m@utexas.edu,Female,58.81.31.130
96,Lothario,Cargill,lcargill2n@walmart.com,Male,68.201.158.242
97,Melonie,Feldharker,mfeldharker2o@hostgator.com,Male,34.36.143.46
98,Garvy,Allebone,gallebone2p@furl.net,Male,17.203.170.78
99,Balduin,Bowry,bbowry2q@bing.com,Female,184.58.12.247
100,Rubetta,Beange,rbeange2r@reddit.com,Male,189.140.247.129
101,Julian,Kayser,jkayser2s@wp.com,Female,103.230.30.54
102,Daryl,Lazell,dlazell2t@com.com,Male,193.13.155.170
103,Moll,Seakin,mseakin2u@prnewswire.com,Non-binary,1.233.110.207
104,Drew,Sibbs,dsibbs2v@hugedomains.com,Male,39.213.180.75
105,Sarette,Osler,sosler2w@so-net.ne.jp,Male,20.30.138.212
106,Hattie,Trayhorn,htrayhorn2x@cbslocal.com,Female,187.132.59.239
107,Conan,Hilldrup,chilldrup2y@adobe.com,Male,134.96.232.77
108,Kelley,Pointin,kpointin2z@arstechnica.com,Female,27.208.32.119
109,Donny,Poynter,dpoynter30@issuu.com,Genderqueer,68.92.253.127
110,Meggi,Bouts,mbouts31@parallels.com,Male,102.69.90.195
111,Tedmund,Golightly,tgolightly32@unesco.org,Female,23.187.17.178
112,Niccolo,Braidwood,nbraidwood33@feedburner.com,Female,80.110.196.190
113,Jere,Korneluk,jkorneluk34@gov.uk,Male,116.228.228.140
114,Addie,Farra,afarra35@ca.gov,Male,121.114.45.103
115,Austen,Wasbrough,awasbrough36@washingtonpost.com,Male,193.36.226.112
116,Brnaba,Martinuzzi,bmartinuzzi37@washington.edu,Genderqueer,70.14.188.200
117,Titos,Lippiett,tlippiett38@tinyurl.com,Female,91.15.75.216
118,Lars,Auguste,lauguste39@sina.com.cn,Female,202.208.230.101
119,Win,Gavrielly,wgavrielly3a@berkeley.edu,Male,189.194.97.213
120,Gerti,Chessill,gchessill3b@apple.com,Female,127.200.35.193
121,Letta,Issard,lissard3c@pinterest.com,Female,129.81.31.122
122,Cchaddie,Lovie,clovie3d@time.com,Male,55.147.104.205
123,Cirilo,Delieu,cdelieu3e@mlb.com,Female,67.102.57.25
124,Randolph,Olyfat,rolyfat3f@free.fr,Male,52.141.148.138
125,Gorden,Jumonet,gjumonet3g@bing.com,Male,17.198.225.248
126,Gibby,Plowright,gplowright3h@adobe.com,Male,249.125.65.83
127,Horace,Perett,hperett3i@flavors.me,Agender,134.97.69.232
128,Marissa,Brayshaw,mbrayshaw3j@dyndns.org,Female,139.237.82.32
129,Mathe,Seamen,mseamen3k@fda.gov,Female,82.122.196.166
130,Karlyn,Folkard,kfolkard3l@fema.gov,Polygender,99.146.84.12
131,Sibeal,Neiland,sneiland3m@webnode.com,Female,227.205.56.232
132,Roderigo,Saintsbury,rsaintsbury3n@123-reg.co.uk,Female,7.225.14.65
133,Shermie,Antognelli,santognelli3o@deviantart.com,Female,41.127.68.107
134,Gwenneth,Gobeau,ggobeau3p@squarespace.com,Male,192.199.160.137
135,Lynsey,Fontaine,lfontaine3q@miibeian.gov.cn,Female,171.216.58.117
136,Moll,Thonason,mthonason3r@chicagotribune.com,Male,74.47.176.141
137,Jaimie,Kinney,jkinney3s@berkeley.edu,Non-binary,43.3.190.93
138,Fulvia,Edensor,fedensor3t@123-reg.co.uk,Female,103.73.70.69
139,Bernardina,Furniss,bfurniss3u@shinystat.com,Male,31.130.203.200
140,Almeda,Mayberry,amayberry3v@newyorker.com,Female,203.69.95.237
141,Anatollo,Leynagh,aleynagh3w@trellian.com,Male,255.133.110.9
142,Merrel,Jacobbe,mjacobbe3x@fda.gov,Male,130.160.176.100
143,Cristal,Shannon,cshannon3y@webnode.com,Male,186.103.213.66
144,Joannes,Bingall,jbingall3z@devhub.com,Female,225.79.145.111
145,Monroe,Ragbourne,mragbourne40@ox.ac.uk,Male,73.79.30.15
146,Brook,Swinfen,bswinfen41@mac.com,Male,198.214.94.13
147,Glenine,Retallick,gretallick42@sciencedaily.com,Female,173.83.35.148
148,Kaitlynn,Whitechurch,kwhitechurch43@meetup.com,Male,226.85.32.136
149,Thedric,Cawt,tcawt44@google.co.jp,Male,151.164.48.37
150,Wendell,Grimsell,wgrimsell45@cyberchimps.com,Female,223.135.242.206
151,Raynell,Jesson,rjesson46@unesco.org,Female,4.97.16.110
152,Fonz,Autry,fautry47@cyberchimps.com,Male,3.82.208.99
153,Kit,Flahive,kflahive48@naver.com,Male,179.247.111.56
154,Storm,Purshouse,spurshouse49@aol.com,Male,76.152.139.213
155,Ana,Paudin,apaudin4a@fema.gov,Female,61.105.135.60
156,Opalina,Baudassi,obaudassi4b@nature.com,Male,154.255.209.82
157,Kim,Lusk,klusk4c@altervista.org,Male,198.55.114.143
158,Carolynn,Agius,cagius4d@aboutads.info,Male,97.214.233.25
159,Nichole,Trevance,ntrevance4e@t-online.de,Male,53.221.10.77
160,Ellsworth,Hugnot,ehugnot4f@aboutads.info,Male,37.155.252.167
161,Arch,Brognot,abrognot4g@npr.org,Male,125.202.172.11
162,Lynnea,Wainwright,lwainwright4h@sohu.com,Genderqueer,180.252.236.17
163,Mervin,McAuley,mmcauley4i@cbc.ca,Male,121.233.155.204
164,Ruperta,Hauger,rhauger4j@indiegogo.com,Female,130.94.247.194
165,Chevy,Wickersham,cwickersham4k@marriott.com,Female,39.101.70.174
166,Garrard,Cline,gcline4l@jigsy.com,Male,213.116.224.181
167,Kacey,Millom,kmillom4m@addthis.com,Female,235.251.222.168
168,Ginny,Mallows,gmallows4n@tuttocitta.it,Male,231.242.252.170
169,Wren,Sambrook,wsambrook4o@ucoz.com,Female,213.188.23.139
170,Norbert,Wiggin,nwiggin4p@loc.gov,Male,198.98.14.38
171,Penni,Gendricke,pgendricke4q@example.com,Male,102.161.75.72
172,Murdock,Waddoups,mwaddoups4r@multiply.com,Male,101.82.185.145
173,Tyson,Smout,tsmout4s@home.pl,Male,159.228.105.130
174,Sayers,Garretson,sgarretson4t@icq.com,Male,97.27.177.154
175,Meta,MacGille,mmacgille4u@simplemachines.org,Male,34.9.213.42
176,Lanie,Gleader,lgleader4v@umn.edu,Polygender,54.230.96.119
177,Blair,Crocombe,bcrocombe4w@technorati.com,Female,236.38.170.98
178,Tremaine,Sloat,tsloat4x@ovh.net,Male,74.251.148.143
179,Farlay,Asman,fasman4y@deliciousdays.com,Male,169.36.136.23
180,Mace,Filippucci,mfilippucci4z@linkedin.com,Male,18.236.200.125
181,Ray,Wevell,rwevell50@ebay.com,Female,49.107.23.191
182,Yetty,Downey,ydowney51@example.com,Female,220.252.27.56
183,Pollyanna,Ferrillo,pferrillo52@scribd.com,Male,51.93.211.52
184,Odelia,Ashelford,oashelford53@dot.gov,Male,219.237.198.132
185,Cecil,Kellart,ckellart54@liveinternet.ru,Female,119.253.69.153
186,Berk,Rowbrey,browbrey55@gmpg.org,Male,146.4.55.144
187,Anton,Bum,abum56@blogtalkradio.com,Male,236.89.36.255
188,Piotr,Lillford,plillford57@e-recht24.de,Male,178.136.156.234
189,Keenan,Hatterslay,khatterslay58@biglobe.ne.jp,Female,231.102.101.211
190,Conny,Loughead,cloughead59@merriam-webster.com,Female,18.123.3.32
191,Raff,Shelly,rshelly5a@usgs.gov,Female,8.220.36.10
192,Ferdy,Zecchi,fzecchi5b@ft.com,Male,55.221.241.69
193,Beatriz,Kitteman,bkitteman5c@sohu.com,Male,70.51.247.67
194,Licha,Sleeford,lsleeford5d@friendfeed.com,Bigender,151.101.101.78
195,Chandal,Leebeter,cleebeter5e@ibm.com,Genderfluid,33.106.247.23
196,Brigid,Muggach,bmuggach5f@csmonitor.com,Male,187.60.159.222
197,Cahra,Rimell,crimell5g@wunderground.com,Male,252.237.132.85
198,Kirby,Winder,kwinder5h@ucla.edu,Male,32.60.149.26
199,Aurelie,Rizzillo,arizzillo5i@studiopress.com,Female,114.79.88.147
200,Lois,Baptiste,lbaptiste5j@spotify.com,Male,194.37.246.150
201,Malynda,Klaas,mklaas5k@meetup.com,Genderqueer,127.154.7.195
202,Marcia,Lysons,mlysons5l@blog.com,Male,142.141.115.247
203,Chadd,Oglesbee,coglesbee5m@deviantart.com,Male,96.212.175.0
204,Tyson,Doree,tdoree5n@yandex.ru,Female,96.105.41.149
205,Luelle,Gertz,lgertz5o@pcworld.com,Female,226.169.149.251
206,Hunfredo,Toft,htoft5p@imgur.com,Male,149.17.156.116
207,Lizzy,Stoak,lstoak5q@github.com,Male,53.115.103.191
208,Pavlov,Bickerton,pbickerton5r@mozilla.org,Female,254.20.48.34
209,Damiano,De Minico,ddeminico5s@narod.ru,Female,30.206.80.3
210,Earvin,Farrin,efarrin5t@paypal.com,Male,188.80.10.181
211,Mickie,Ivashev,mivashev5u@unesco.org,Genderfluid,175.48.133.2
212,Bonnibelle,Kunath,bkunath5v@booking.com,Female,59.197.155.54
213,Beth,Rockcliff,brockcliff5w@samsung.com,Male,139.85.46.232
214,Melodie,Heckney,mheckney5x@uiuc.edu,Non-binary,176.178.5.30
215,Hartwell,Bradneck,hbradneck5y@loc.gov,Male,79.90.163.153
216,Bruno,Cockaday,bcockaday5z@google.com.br,Non-binary,131.224.4.235
217,Felita,Foskew,ffoskew60@sina.com.cn,Female,167.89.110.32
218,Eilis,Taffley,etaffley61@boston.com,Male,222.47.14.176
219,Ilyse,Lamlin,ilamlin62@list-manage.com,Male,250.174.73.246
220,Kellsie,Westmoreland,kwestmoreland63@naver.com,Female,122.58.104.136
221,Rod,Armistead,rarmistead64@diigo.com,Male,165.5.210.44
222,Floria,Duddle,fduddle65@techcrunch.com,Polygender,151.194.202.229
223,Neile,Paffitt,npaffitt66@house.gov,Male,12.16.115.244
224,Farrell,Wadie,fwadie67@dailymail.co.uk,Male,56.239.158.157
225,Gearalt,Lindroos,glindroos68@yahoo.co.jp,Male,24.255.160.91
226,Pippo,Henmarsh,phenmarsh69@webeden.co.uk,Polygender,135.167.46.67
227,Imogen,Bicheno,ibicheno6a@smugmug.com,Female,165.104.107.129
228,Hillie,Nono,hnono6b@360.cn,Male,207.181.188.71
229,Brock,Di Lucia,bdilucia6c@theatlantic.com,Female,228.45.165.41
230,Prent,De L'Isle,pdelisle6d@istockphoto.com,Female,147.93.175.193
231,Waverley,Di Francesco,wdifrancesco6e@macromedia.com,Male,253.146.18.137
232,Torrey,Claybourn,tclaybourn6f@cmu.edu,Female,31.108.67.212
233,Camile,Biddwell,cbiddwell6g@ifeng.com,Non-binary,16.135.111.227
234,Lindsy,Maruska,lmaruska6h@unblog.fr,Female,36.181.29.164
235,Hunt,Orgel,horgel6i@si.edu,Female,150.84.53.4
236,Dav,Ferie,dferie6j@yolasite.com,Non-binary,244.202.164.177
237,Dollie,Grinyov,dgrinyov6k@jalbum.net,Male,130.134.71.163
238,Meridel,Heister,mheister6l@blog.com,Male,24.49.94.255
239,Heywood,Hilling,hhilling6m@usgs.gov,Male,152.110.35.116
240,Burtie,McLaine,bmclaine6n@dagondesign.com,Female,134.241.224.67
241,Uta,Pulham,upulham6o@jugem.jp,Female,194.101.128.60
242,Gus,Rooney,grooney6p@zimbio.com,Female,129.198.105.182
243,Bryn,Chieze,bchieze6q@slideshare.net,Female,39.205.233.136
244,Thibaut,Collens,tcollens6r@hud.gov,Male,89.62.97.199
245,Basilio,Flanders,bflanders6s@mapy.cz,Male,48.21.20.164
246,Yetta,Pitherick,ypitherick6t@deviantart.com,Male,174.166.151.138
247,Yehudi,Ashbrook,yashbrook6u@phpbb.com,Male,243.36.60.58
248,Dedra,Ogilvie,dogilvie6v@dell.com,Male,79.129.34.236
249,Jennie,Fredy,jfredy6w@oakley.com,Male,206.64.12.251
250,Ana,Whitrod,awhitrod6x@time.com,Female,109.163.185.25
251,Vincenty,Danilchik,vdanilchik6y@archive.org,Male,131.35.174.156
252,Maudie,Phette,mphette6z@odnoklassniki.ru,Female,49.248.205.47
253,Luelle,Mulkerrins,lmulkerrins70@google.com,Female,84.141.62.89
254,Kassey,Padula,kpadula71@jugem.jp,Female,232.246.2.15
255,Franciskus,Lewis,flewis72@zdnet.com,Female,148.147.84.60
256,Eliza,MacNish,emacnish73@cornell.edu,Female,152.17.198.133
257,Scott,Filppetti,sfilppetti74@mozilla.com,Female,57.166.239.75
258,Binky,Snalham,bsnalham75@newsvine.com,Male,139.127.202.124
259,Berton,Swaysland,bswaysland76@comcast.net,Male,215.83.14.184
260,Kerwinn,Egentan,kegentan77@exblog.jp,Male,22.45.220.222
261,Renard,Dubois,rdubois78@marketwatch.com,Female,15.85.22.93
262,Laura,Caso,lcaso79@ow.ly,Male,105.129.76.15
263,Dave,Grzegorczyk,dgrzegorczyk7a@forbes.com,Female,251.148.70.235
264,Skipper,Tremble,stremble7b@mac.com,Female,84.100.180.196
265,Arnaldo,Loakes,aloakes7c@constantcontact.com,Female,202.163.74.38
266,Khalil,Sallter,ksallter7d@arizona.edu,Female,34.98.80.203
267,Zara,Giraudou,zgiraudou7e@japanpost.jp,Male,230.67.24.146
268,Candide,Hockell,chockell7f@youku.com,Male,36.81.231.219
269,Cecilius,Christoffe,cchristoffe7g@1688.com,Female,237.85.249.239
270,Nikolas,Vickerstaff,nvickerstaff7h@nifty.com,Male,142.142.236.75
271,Albina,Dericot,adericot7i@europa.eu,Female,40.126.223.81
272,Avivah,Demsey,ademsey7j@phpbb.com,Male,5.132.129.184
273,Erin,Sever,esever7k@aboutads.info,Male,22.252.83.232
274,Beverie,Morcom,bmorcom7l@yolasite.com,Male,78.204.33.159
275,Leo,Minor,lminor7m@sciencedirect.com,Male,84.41.191.133
276,Wallace,Coggan,wcoggan7n@tinypic.com,Male,89.28.129.249
277,Gareth,Dodell,gdodell7o@rakuten.co.jp,Female,107.7.165.56
278,Dylan,Westney,dwestney7p@cbc.ca,Agender,37.152.254.65
279,Bunnie,Prodrick,bprodrick7q@scientificamerican.com,Male,255.200.148.31
280,Anastasia,Gilluley,agilluley7r@woothemes.com,Male,39.243.1.146
281,Godiva,Possell,gpossell7s@joomla.org,Male,5.182.228.233
282,Doyle,Humm,dhumm7t@dmoz.org,Male,23.84.215.102
283,Nil,Kikke,nkikke7u@symantec.com,Male,203.212.105.170
284,Nancee,Yushachkov,nyushachkov7v@stanford.edu,Female,62.31.110.121
285,Vivyan,Roylance,vroylance7w@loc.gov,Male,47.148.204.44
286,Dinah,Simpole,dsimpole7x@home.pl,Male,197.35.5.131
287,Boyce,Grattan,bgrattan7y@nba.com,Male,54.231.34.87
288,Ban,Woodvine,bwoodvine7z@sohu.com,Male,243.58.83.227
289,Lee,Hosten,lhosten80@mlb.com,Female,73.51.96.197
290,Meryl,Piddlesden,mpiddlesden81@google.nl,Male,82.169.251.252
291,Tate,Budgeon,tbudgeon82@xrea.com,Female,145.70.123.11
292,Evelyn,Krause,ekrause83@g.co,Female,163.9.43.182
293,Else,Figgen,efiggen84@ocn.ne.jp,Male,16.202.50.50
294,Isidor,Gleadhell,igleadhell85@t-online.de,Male,184.81.193.19
295,Euell,Cordeau],ecordeau86@accuweather.com,Male,181.40.89.46
296,Nani,Piff,npiff87@tuttocitta.it,Female,196.151.152.253
297,Tiffany,Jollye,tjollye88@clickbank.net,Genderqueer,21.155.210.174
298,Abby,Riggeard,ariggeard89@example.com,Male,33.212.59.44
299,Zoe,Dyers,zdyers8a@auda.org.au,Non-binary,21.111.157.42
300,Spense,Hounsom,shounsom8b@slideshare.net,Female,177.113.215.253
301,Ellene,Miere,emiere8c@ibm.com,Male,14.125.103.236
302,Way,Fowlie,wfowlie8d@ezinearticles.com,Male,79.57.218.42
303,Betti,Danilchik,bdanilchik8e@quantcast.com,Female,84.166.254.239
304,Jilli,Labbati,jlabbati8f@businesswire.com,Male,18.205.39.41
305,Joelly,Betke,jbetke8g@vimeo.com,Male,200.120.224.56
306,Rosita,Annett,rannett8h@t-online.de,Male,189.206.195.126
307,Missy,Saltern,msaltern8i@walmart.com,Female,44.201.56.250
308,Birgit,Langfield,blangfield8j@google.com.au,Male,154.152.219.191
309,Blair,Klosser,bklosser8k@artisteer.com,Female,20.67.217.244
310,Chloette,Saunper,csaunper8l@vinaora.com,Male,149.195.208.250
311,Kettie,Shearmur,kshearmur8m@lycos.com,Male,151.254.66.114
312,Bruce,Matyushonok,bmatyushonok8n@symantec.com,Female,126.102.227.157
313,Timothy,Deakes,tdeakes8o@webnode.com,Male,78.106.143.234
314,Phedra,Gipp,pgipp8p@networksolutions.com,Agender,91.127.252.98
315,Zuzana,Dalliwater,zdalliwater8q@loc.gov,Female,105.137.132.161
316,Timmy,MacCafferky,tmaccafferky8r@163.com,Male,238.214.191.114
317,Floyd,Dimitrie,fdimitrie8s@blinklist.com,Male,112.169.125.113
318,Gilberta,Gainfort,ggainfort8t@blogspot.com,Female,240.153.113.13
319,Chickie,Stutte,cstutte8u@sitemeter.com,Polygender,28.127.160.61
320,Ivie,Cassie,icassie8v@virginia.edu,Female,2.85.255.235
321,Merwin,Alsopp,malsopp8w@mozilla.org,Female,117.189.4.202
322,Shae,Whittam,swhittam8x@wsj.com,Male,44.69.157.210
323,Andra,Lempenny,alempenny8y@slate.com,Male,27.152.33.207
324,Buddie,Leheude,bleheude8z@delicious.com,Male,238.92.123.108
325,Mari,Buckthought,mbuckthought90@sitemeter.com,Female,62.96.70.107
326,Kitty,Mingaye,kmingaye91@domainmarket.com,Female,22.141.146.108
327,Jeanne,Bockh,jbockh92@stumbleupon.com,Female,206.208.239.221
328,Leona,Gotobed,lgotobed93@wufoo.com,Female,131.237.136.75
329,Brady,Dunckley,bdunckley94@newsvine.com,Male,46.23.4.244
330,Guillemette,Panter,gpanter95@networksolutions.com,Male,211.139.204.65
331,Callie,Littley,clittley96@patch.com,Female,30.127.236.92
332,Abigail,Spellard,aspellard97@ask.com,Female,111.112.30.64
333,Marybelle,Shambroke,mshambroke98@bbb.org,Male,121.33.245.55
334,Marlo,Pendrich,mpendrich99@ucoz.ru,Female,250.186.192.210
335,Saree,Wheildon,swheildon9a@kickstarter.com,Male,86.39.127.219
336,Gisela,Oldacre,goldacre9b@drupal.org,Agender,88.50.172.37
337,Margarita,Isenor,misenor9c@deviantart.com,Male,111.28.224.192
338,Roch,Sizzey,rsizzey9d@netvibes.com,Male,29.171.250.188
339,Hamlin,Waylen,hwaylen9e@gmpg.org,Female,30.104.172.73
340,Mayor,Porcher,mporcher9f@cnbc.com,Female,232.10.107.210
341,Valle,Belchamp,vbelchamp9g@wunderground.com,Male,175.75.174.187
342,Falito,Strevens,fstrevens9h@360.cn,Male,46.190.210.99
343,Ynez,Runnalls,yrunnalls9i@e-recht24.de,Male,233.4.217.220
344,Anderson,Levesque,alevesque9j@harvard.edu,Female,162.45.118.227
345,Lonnard,Caesman,lcaesman9k@independent.co.uk,Male,68.68.120.237
346,Kellen,Cranston,kcranston9l@fotki.com,Male,135.25.249.56
347,Derrek,McSperrin,dmcsperrin9m@google.com.br,Polygender,5.67.253.112
348,Stace,Meiner,smeiner9n@ibm.com,Female,48.105.11.70
349,Bonnie,Gilkison,bgilkison9o@cargocollective.com,Male,182.108.4.206
350,Vernor,McAuliffe,vmcauliffe9p@mlb.com,Female,140.109.50.26
351,Paige,Annatt,pannatt9q@shinystat.com,Male,43.54.10.174
352,Jorie,Simonnin,jsimonnin9r@bandcamp.com,Male,222.164.168.52
353,Ailee,Janaszkiewicz,ajanaszkiewicz9s@nytimes.com,Female,77.89.69.56
354,Jasmine,Cerie,jcerie9t@epa.gov,Male,97.73.164.142
355,Ross,Osant,rosant9u@discovery.com,Female,145.26.58.192
356,Suzanne,Bartley,sbartley9v@imdb.com,Male,9.151.124.183
357,Prissie,Howsin,phowsin9w@nyu.edu,Male,197.99.225.24
358,Maury,Van der Kruys,mvanderkruys9x@shareasale.com,Male,131.47.4.250
359,Rodie,Galway,rgalway9y@hostgator.com,Female,190.87.233.87
360,Abbey,Danson,adanson9z@webeden.co.uk,Male,198.49.103.136
361,Daune,Papa,dpapaa0@live.com,Male,95.255.33.75
362,Britney,Deakan,bdeakana1@instagram.com,Male,143.18.64.178
363,Quentin,Sitlington,qsitlingtona2@mail.ru,Female,230.245.138.14
364,Galven,Marie,gmariea3@yolasite.com,Male,52.44.79.218
365,Karil,Muat,kmuata4@cam.ac.uk,Male,118.37.234.68
366,Derrik,Elcott,delcotta5@trellian.com,Male,37.198.130.193
367,Wat,Warkup,wwarkupa6@independent.co.uk,Female,240.138.42.112
368,Celene,Brothers,cbrothersa7@wisc.edu,Female,242.118.226.132
369,Lorne,Coysh,lcoysha8@wikispaces.com,Polygender,196.238.199.237
370,Tim,Van der Daal,tvanderdaala9@state.gov,Male,213.138.55.222
371,Nicolas,Lardge,nlardgeaa@independent.co.uk,Female,131.57.164.55
372,Gillie,Saile,gsaileab@archive.org,Female,76.139.105.74
373,Blanca,De Vaan,bdevaanac@privacy.gov.au,Male,170.160.240.181
374,Garrott,Stelle,gstellead@hibu.com,Female,75.42.128.139
375,Karyl,Pautard,kpautardae@ebay.com,Genderqueer,69.229.148.64
376,Fernandina,Vivyan,fvivyanaf@unesco.org,Female,97.189.137.163
377,Selig,Fahy,sfahyag@dot.gov,Non-binary,147.160.6.57
378,Delmore,Schrieves,dschrievesah@cyberchimps.com,Male,192.22.144.187
379,Akim,Lumox,alumoxai@blog.com,Genderqueer,235.19.127.61
380,Tara,Vokes,tvokesaj@redcross.org,Female,130.116.119.39
381,Rena,Orhtmann,rorhtmannak@weibo.com,Male,202.241.162.233
382,Calypso,Gayden,cgaydenal@dedecms.com,Male,88.141.68.239
383,Kimmi,Unsworth,kunswortham@google.nl,Female,146.142.220.36
384,Patrice,Joscelin,pjoscelinan@sourceforge.net,Female,122.64.215.68
385,Adriaens,Eustis,aeustisao@va.gov,Female,5.217.170.34
386,Glenn,Anetts,ganettsap@bizjournals.com,Female,123.171.27.157
387,Albertina,O'Neal,aonealaq@amazon.co.jp,Polygender,173.250.68.37
388,Wells,Curnnok,wcurnnokar@clickbank.net,Female,255.249.243.147
389,Drugi,Paxton,dpaxtonas@reverbnation.com,Female,36.212.29.121
390,Khalil,Naulls,knaullsat@tiny.cc,Male,112.58.177.124
391,Jeffie,Petteford,jpettefordau@home.pl,Female,12.223.176.39
392,Alysia,Martinec,amartinecav@smh.com.au,Male,20.176.70.84
393,Alys,Castellanos,acastellanosaw@huffingtonpost.com,Male,121.110.142.159
394,Foster,Yelding,fyeldingax@sbwire.com,Female,237.244.236.20
395,Tim,Gilhooly,tgilhoolyay@reverbnation.com,Female,162.58.54.252
396,Kerr,Lamborne,klamborneaz@illinois.edu,Bigender,4.183.45.230
397,Almire,Sleeman,asleemanb0@barnesandnoble.com,Male,66.47.26.2
398,Quintina,Doody,qdoodyb1@blinklist.com,Male,249.197.122.40
399,Brunhilde,MacCoughan,bmaccoughanb2@edublogs.org,Male,197.160.178.171
400,Sheelagh,Flintuff,sflintuffb3@constantcontact.com,Female,249.101.13.176
401,Dev,Charlin,dcharlinb4@lycos.com,Female,242.210.229.45
402,Rich,Auten,rautenb5@istockphoto.com,Male,187.50.139.244
403,Bengt,Poston,bpostonb6@merriam-webster.com,Female,24.235.116.38
404,Cathrin,Duligall,cduligallb7@dedecms.com,Male,244.108.55.238
405,Stavro,Aldis,saldisb8@webs.com,Female,32.198.65.160
406,Carr,Ferentz,cferentzb9@apache.org,Female,57.3.88.185
407,Alisha,Gillcrist,agillcristba@shutterfly.com,Male,59.202.36.176
408,Jessamine,Snoddon,jsnoddonbb@artisteer.com,Male,255.31.218.12
409,Dael,Patey,dpateybc@paginegialle.it,Female,111.117.211.219
410,Berni,Ditchburn,bditchburnbd@paginegialle.it,Female,122.71.37.216
411,Mendy,Ezzle,mezzlebe@liveinternet.ru,Male,163.173.1.32
412,Sarah,Bestwerthick,sbestwerthickbf@reuters.com,Female,180.56.163.64
413,Noemi,Greenhalf,ngreenhalfbg@eventbrite.com,Female,58.86.234.241
414,Estrellita,McMyler,emcmylerbh@privacy.gov.au,Male,118.198.64.22
415,Lesya,Rodliff,lrodliffbi@slashdot.org,Female,159.253.196.17
416,Devinne,Barefoot,dbarefootbj@yahoo.co.jp,Male,237.124.163.159
417,Arv,Ghidoli,aghidolibk@mayoclinic.com,Female,53.39.114.140
418,Shina,Elverston,selverstonbl@globo.com,Male,56.49.105.129
419,Kinsley,Blackie,kblackiebm@columbia.edu,Male,207.107.67.254
420,Leonie,Klaas,lklaasbn@skyrock.com,Female,209.83.89.95
421,Yovonnda,Glancey,yglanceybo@acquirethisname.com,Female,143.222.4.164
422,Wolfgang,Polly,wpollybp@latimes.com,Female,52.68.82.213
423,Bess,Griswaite,bgriswaitebq@blogtalkradio.com,Female,242.117.113.172
424,Larissa,Beardow,lbeardowbr@dot.gov,Male,132.251.122.91
425,Ezechiel,Diack,ediackbs@nsw.gov.au,Male,82.16.133.213
426,Quintina,Aldrick,qaldrickbt@vinaora.com,Female,76.16.192.137
427,Sarina,Magarrell,smagarrellbu@github.io,Female,179.3.90.12
428,Beniamino,Westrey,bwestreybv@hexun.com,Male,251.183.69.230
429,Mercedes,Gladhill,mgladhillbw@buzzfeed.com,Male,176.171.53.249
430,Estel,MacKall,emackallbx@infoseek.co.jp,Male,254.59.62.37
431,Buffy,McCaughey,bmccaugheyby@dagondesign.com,Female,24.142.92.61
432,Valerie,Largent,vlargentbz@sphinn.com,Male,155.158.117.19
433,Giffy,Deadman,gdeadmanc0@independent.co.uk,Female,47.95.169.113
434,Costanza,Peirone,cpeironec1@merriam-webster.com,Male,19.105.21.104
435,Sherrie,Sheals,sshealsc2@mediafire.com,Male,79.177.36.72
436,Clair,Redding,creddingc3@cafepress.com,Male,123.254.115.144
437,Lemuel,Pearlman,lpearlmanc4@amazon.co.jp,Male,152.179.4.151
438,Carolyne,Bradnocke,cbradnockec5@icio.us,Male,151.181.43.239
439,Oralle,Yglesias,oyglesiasc6@aol.com,Female,181.34.127.131
440,Terrie,Bulford,tbulfordc7@printfriendly.com,Male,151.228.170.181
441,Krista,Battman,kbattmanc8@princeton.edu,Male,34.82.186.133
442,Effie,Jenner,ejennerc9@weather.com,Female,84.156.115.204
443,Humberto,Lemmer,hlemmerca@webnode.com,Female,119.142.72.166
444,Carolee,Coales,ccoalescb@blogspot.com,Male,73.32.250.64
445,Brandise,Coursor,bcoursorcc@google.com.hk,Male,73.14.44.112
446,Clare,Gatcliff,cgatcliffcd@youku.com,Male,12.166.146.6
447,Stanton,Sheach,ssheachce@sohu.com,Male,75.63.11.168
448,Olag,Crannach,ocrannachcf@exblog.jp,Genderqueer,12.228.109.227
449,Kurt,Brookbank,kbrookbankcg@stumbleupon.com,Male,230.83.221.181
450,Wallace,Owthwaite,wowthwaitech@comcast.net,Male,16.167.56.244
451,Katti,Lomaz,klomazci@indiegogo.com,Female,10.155.25.230
452,Randi,O' Scallan,roscallancj@pagesperso-orange.fr,Female,246.237.184.65
453,Belinda,Deacon,bdeaconck@nsw.gov.au,Genderfluid,54.120.121.213
454,Drugi,Vennard,dvennardcl@businessinsider.com,Female,188.182.242.142
455,Normy,McAdam,nmcadamcm@yahoo.co.jp,Female,239.138.249.62
456,Robinson,Alliot,ralliotcn@howstuffworks.com,Non-binary,242.2.23.211
457,Gerty,Norrington,gnorringtonco@meetup.com,Male,91.236.189.207
458,Lewie,Seignior,lseigniorcp@globo.com,Male,184.232.113.40
459,Mason,Arnould,marnouldcq@amazon.co.uk,Male,210.184.10.238
460,Danyette,Dronsfield,ddronsfieldcr@youtu.be,Male,225.193.103.122
461,Mirna,Spinley,mspinleycs@ucsd.edu,Genderqueer,239.61.40.56
462,Dee,Aronoff,daronoffct@seesaa.net,Female,234.54.130.165
463,Beryl,Naton,bnatoncu@tripadvisor.com,Female,171.153.126.68
464,Elspeth,Arenson,earensoncv@1und1.de,Agender,121.251.181.151
465,Susan,Charley,scharleycw@sbwire.com,Male,183.214.44.248
466,Ellyn,Atger,eatgercx@google.de,Female,53.36.5.192
467,Kim,Cogman,kcogmancy@mediafire.com,Non-binary,158.235.171.75
468,Dannie,Ivory,divorycz@usgs.gov,Male,190.95.233.185
469,Juliann,Narey,jnareyd0@paginegialle.it,Female,46.213.45.111
470,Charis,Mitchall,cmitchalld1@cnn.com,Female,154.169.198.249
471,Sherwin,Aldous,saldousd2@jiathis.com,Female,219.115.212.37
472,Ezri,Aldus,ealdusd3@cdbaby.com,Male,128.4.110.12
473,Claudina,Blaszczynski,cblaszczynskid4@netscape.com,Female,147.36.5.42
474,Danita,Bransdon,dbransdond5@weather.com,Female,247.46.7.14
475,Kermy,Gillies,kgilliesd6@netvibes.com,Female,19.161.175.194
476,Joycelin,Treweke,jtreweked7@si.edu,Female,241.33.27.76
477,Gaylor,Scowen,gscowend8@yolasite.com,Female,146.205.173.221
478,Sammy,Boteman,sbotemand9@arizona.edu,Female,253.253.78.116
479,Errol,Adanez,eadanezda@hhs.gov,Male,249.23.234.223
480,Con,Hacaud,chacauddb@bbc.co.uk,Male,124.80.52.59
481,Madelaine,Trapp,mtrappdc@buzzfeed.com,Female,245.241.78.123
482,Shannon,Cringle,scringledd@163.com,Genderqueer,140.21.16.139
483,Greg,Joseland,gjoselandde@e-recht24.de,Female,228.128.26.134
484,Barbie,Fuchs,bfuchsdf@chron.com,Female,136.174.235.43
485,Ephrem,Cisland,ecislanddg@theglobeandmail.com,Bigender,66.16.89.151
486,Dari,Rebeiro,drebeirodh@vinaora.com,Male,55.143.155.94
487,Farlay,Yakubowicz,fyakubowiczdi@people.com.cn,Female,241.147.236.143
488,Carmela,Klagges,cklaggesdj@china.com.cn,Male,231.219.98.249
489,Goldia,Adamowitz,gadamowitzdk@house.gov,Genderfluid,236.212.254.90
490,Simona,Peddowe,speddowedl@goodreads.com,Female,164.35.174.223
491,Janis,Wickling,jwicklingdm@lulu.com,Male,153.214.156.216
492,Penny,McGaw,pmcgawdn@rambler.ru,Female,165.33.192.228
493,Vanna,Brickner,vbricknerdo@sbwire.com,Male,245.250.47.114
494,Daffie,Jarrett,djarrettdp@ft.com,Female,172.24.92.104
495,Tally,Dominik,tdominikdq@drupal.org,Male,95.149.6.58
496,Imogene,Wickersley,iwickersleydr@dot.gov,Male,27.252.125.231
497,Adiana,Rawcliffe,arawcliffeds@nymag.com,Male,72.61.177.144
498,Catharine,Timmis,ctimmisdt@nbcnews.com,Male,9.209.196.165
499,Hubert,Parmiter,hparmiterdu@mlb.com,Male,46.187.230.157
500,Aurie,Benet,abenetdv@lycos.com,Female,210.101.12.234
501,Adore,Dreakin,adreakindw@nationalgeographic.com,Male,15.191.54.90
502,Hamil,Escalante,hescalantedx@ihg.com,Female,144.82.254.47
503,Margarethe,Iston,mistondy@mashable.com,Female,241.5.144.164
504,Josepha,Bocke,jbockedz@msu.edu,Female,6.170.75.152
505,Sax,Kenright,skenrighte0@cdbaby.com,Female,136.220.28.84
506,Miranda,Raoul,mraoule1@ezinearticles.com,Female,16.61.105.184
507,Al,Figgins,afigginse2@mit.edu,Male,224.242.169.150
508,Kylila,Cranston,kcranstone3@cam.ac.uk,Female,245.202.103.68
509,Gusty,Nibloe,gnibloee4@theatlantic.com,Female,62.238.108.176
510,Hartwell,Vaen,hvaene5@freewebs.com,Polygender,66.10.123.110
511,Vincenty,Andriulis,vandriulise6@gnu.org,Male,234.100.60.125
512,Welsh,Burds,wburdse7@discovery.com,Female,117.73.87.119
513,Shayna,Seydlitz,sseydlitze8@statcounter.com,Female,50.120.149.3
514,Arvie,McCollum,amccollume9@cam.ac.uk,Male,196.164.170.138
515,Elysha,MacTurlough,emacturloughea@latimes.com,Female,201.146.69.73
516,Fawne,Turmall,fturmalleb@google.fr,Male,36.219.83.216
517,Bram,Red,bredec@meetup.com,Female,90.94.253.104
518,Judie,Duffie,jduffieed@microsoft.com,Male,130.52.48.77
519,Raf,Ambrosi,rambrosiee@cdc.gov,Female,32.17.140.156
520,Em,Milan,emilanef@squarespace.com,Male,132.143.22.57
521,Avram,Smeeth,asmeetheg@goo.ne.jp,Female,182.161.135.248
522,Glenn,Blythin,gblythineh@dion.ne.jp,Male,94.51.202.188
523,Drucy,Karlik,dkarlikei@dropbox.com,Female,53.28.126.189
524,Louie,Ledbury,lledburyej@imageshack.us,Female,20.218.252.18
525,Johnette,Matijevic,jmatijevicek@zdnet.com,Agender,32.151.255.196
526,Steffi,Benck,sbenckel@tinyurl.com,Male,142.88.121.146
527,Bernette,Berndt,bberndtem@go.com,Female,91.158.12.25
528,Christie,Ipsgrave,cipsgraveen@mashable.com,Non-binary,251.68.107.153
529,Gwen,Peterken,gpeterkeneo@com.com,Female,141.57.60.96
530,Brynna,Monkman,bmonkmanep@discuz.net,Female,189.71.92.186
531,Sollie,Dawney,sdawneyeq@php.net,Female,242.178.165.90
532,Celle,Gagen,cgagener@nifty.com,Male,168.229.203.73
533,Jeddy,Humble,jhumblees@qq.com,Bigender,87.248.70.217
534,Toby,Bowling,tbowlinget@disqus.com,Female,34.136.143.112
535,Lizzie,Danniel,ldannieleu@theatlantic.com,Male,44.52.81.71
536,Kleon,Massy,kmassyev@bluehost.com,Male,22.150.125.164
537,Jasmina,Tomas,jtomasew@unicef.org,Female,177.186.254.176
538,Morgan,Works,mworksex@simplemachines.org,Genderqueer,59.231.6.196
539,Correna,Prati,cpratiey@admin.ch,Male,143.168.87.227
540,Cirillo,Palatini,cpalatiniez@phoca.cz,Female,33.133.151.77
541,Aimee,Crampsy,acrampsyf0@cnet.com,Male,250.169.22.112
542,Masha,Tremoille,mtremoillef1@java.com,Male,32.64.101.90
543,Oates,Katz,okatzf2@hao123.com,Female,249.74.195.8
544,Bonita,Devorill,bdevorillf3@imdb.com,Male,54.85.64.221
545,Fabe,Copello,fcopellof4@dropbox.com,Male,227.83.135.238
546,Ezmeralda,Kier,ekierf5@themeforest.net,Male,247.73.58.224
547,Francklyn,Geeves,fgeevesf6@japanpost.jp,Male,127.149.40.200
548,Goran,Kitchenham,gkitchenhamf7@yolasite.com,Male,112.169.229.119
549,Valina,Gutherson,vguthersonf8@wp.com,Male,5.187.151.129
550,Kacie,Levine,klevinef9@go.com,Male,83.117.57.5
551,Whitaker,McTavish,wmctavishfa@epa.gov,Female,88.159.1.166
552,Hermann,Poore,hpoorefb@soundcloud.com,Female,248.121.54.80
553,Shandra,Frenzl,sfrenzlfc@etsy.com,Genderfluid,70.35.168.64
554,Darci,Stanner,dstannerfd@icio.us,Male,134.69.152.110
555,Imojean,Donavan,idonavanfe@tumblr.com,Female,5.4.156.1
556,Alvira,MacBarron,amacbarronff@networkadvertising.org,Female,185.60.172.86
557,Bartolemo,Oxberry,boxberryfg@1688.com,Male,199.146.247.160
558,Cele,Grimsdyke,cgrimsdykefh@princeton.edu,Male,180.104.121.160
559,Ursa,Blazy,ublazyfi@blogger.com,Male,123.121.227.160
560,Walden,Clapston,wclapstonfj@businessinsider.com,Female,73.250.24.176
561,Guntar,Rowston,growstonfk@dailymotion.com,Female,79.60.201.20
562,Uriel,Kilbey,ukilbeyfl@home.pl,Female,58.85.10.35
563,Lorens,Sketch,lsketchfm@altervista.org,Female,57.62.126.220
564,Breena,Doerren,bdoerrenfn@gmpg.org,Polygender,185.65.92.253
565,Renard,Lewty,rlewtyfo@elegantthemes.com,Female,213.3.160.93
566,Henrik,Walesa,hwalesafp@domainmarket.com,Male,230.149.41.80
567,Artemis,Vosse,avossefq@4shared.com,Female,251.77.228.33
568,Birgit,Valder,bvalderfr@uol.com.br,Female,117.248.145.238
569,Aldwin,McGillreich,amcgillreichfs@aol.com,Genderfluid,198.47.215.234
570,Shalne,Arnold,sarnoldft@nih.gov,Male,198.173.0.7
571,Aurore,Leahey,aleaheyfu@goo.ne.jp,Male,137.152.180.91
572,Rosalind,Covert,rcovertfv@weibo.com,Female,218.76.249.108
573,Tuckie,Ben,tbenfw@dropbox.com,Female,136.50.178.39
574,Beverlie,Pettitt,bpettittfx@baidu.com,Male,188.146.243.242
575,Madelyn,Basnall,mbasnallfy@miibeian.gov.cn,Polygender,57.83.5.6
576,Isiahi,Coade,icoadefz@fc2.com,Female,31.108.200.42
577,Flint,Ranklin,frankling0@posterous.com,Female,39.146.79.85
578,Dugald,Slogrove,dslogroveg1@prlog.org,Female,179.10.254.187
579,Hazlett,Grewar,hgrewarg2@whitehouse.gov,Female,147.53.191.89
580,Lorelle,Knappitt,lknappittg3@rambler.ru,Male,196.169.116.142
581,Marshall,Willson,mwillsong4@cyberchimps.com,Female,127.94.97.167
582,Nealon,Gilyatt,ngilyattg5@irs.gov,Male,241.171.23.60
583,Aube,Giraudot,agiraudotg6@noaa.gov,Female,30.53.197.171
584,Rianon,Leverton,rlevertong7@weibo.com,Male,78.198.105.130
585,Meta,Belz,mbelzg8@flickr.com,Female,1.146.8.244
586,Fidela,Whylie,fwhylieg9@china.com.cn,Male,139.3.110.220
587,Britney,Lawey,blaweyga@vk.com,Female,187.107.25.208
588,Veradis,Lympenie,vlympeniegb@uol.com.br,Female,147.219.28.79
589,Sunny,Epinay,sepinaygc@infoseek.co.jp,Female,118.108.6.173
590,Gertruda,Althorp,galthorpgd@seattletimes.com,Female,237.240.181.112
591,Raymund,Critchell,rcritchellge@cmu.edu,Male,68.247.230.134
592,Homere,Whitehall,hwhitehallgf@tiny.cc,Male,28.33.32.60
593,Bili,Haldane,bhaldanegg@fda.gov,Female,84.232.65.237
594,Archibaldo,Denniston,adennistongh@vinaora.com,Male,213.156.206.55
595,Bartholemy,Lovstrom,blovstromgi@w3.org,Male,90.149.84.5
596,Dylan,Tickle,dticklegj@shutterfly.com,Female,177.2.131.157
597,Phylys,Hinrichs,phinrichsgk@51.la,Male,74.108.255.69
598,Shandie,Racher,srachergl@usatoday.com,Female,21.202.226.201
599,Sanderson,De Maria,sdemariagm@scientificamerican.com,Male,251.21.99.58
600,Ealasaid,Goodby,egoodbygn@cdbaby.com,Female,61.84.81.142
601,Talyah,Gibbonson,tgibbonsongo@sbwire.com,Male,187.117.146.82
602,Jeramey,Dellenbrok,jdellenbrokgp@dmoz.org,Male,122.196.162.102
603,Conni,Stephens,cstephensgq@statcounter.com,Female,169.14.250.145
604,Ronica,Wilce,rwilcegr@msu.edu,Male,65.198.29.44
605,Jackson,Slyne,jslynegs@gizmodo.com,Male,67.247.9.146
606,Mathian,Fishbourne,mfishbournegt@imgur.com,Male,103.8.140.86
607,Leshia,Reace,lreacegu@elegantthemes.com,Male,109.16.135.227
608,Uta,Desquesnes,udesquesnesgv@cnet.com,Non-binary,167.36.16.216
609,Glennie,Staines,gstainesgw@amazonaws.com,Male,28.165.74.97
610,Gregorius,Guillot,gguillotgx@diigo.com,Polygender,24.49.198.5
611,Martelle,Goulbourn,mgoulbourngy@shareasale.com,Male,140.47.131.57
612,Bronson,MacCrosson,bmaccrossongz@ustream.tv,Non-binary,225.205.182.187
613,Karly,Coping,kcopingh0@baidu.com,Female,149.240.233.87
614,Talyah,Ludman,tludmanh1@stumbleupon.com,Female,148.140.227.29
615,Yolanda,Boerder,yboerderh2@youku.com,Male,135.173.218.185
616,Sayre,Faucett,sfaucetth3@ocn.ne.jp,Female,158.83.162.55
617,Nikolos,Sharer,nsharerh4@answers.com,Male,108.70.16.231
618,Raffaello,Howgate,rhowgateh5@ask.com,Female,225.185.249.93
619,Culley,Tomkins,ctomkinsh6@cnn.com,Male,64.177.132.227
620,Betty,Gallop,bgalloph7@macromedia.com,Female,168.161.72.201
621,Adler,Miquelet,amiqueleth8@mail.ru,Male,221.48.113.126
622,Chrissy,Tomaselli,ctomasellih9@ocn.ne.jp,Female,133.18.253.120
623,Marna,Lujan,mlujanha@craigslist.org,Male,185.156.0.203
624,Kally,Saffill,ksaffillhb@scribd.com,Male,178.153.228.97
625,Lanita,Cleall,lcleallhc@pagesperso-orange.fr,Female,194.66.232.63
626,Rutledge,Heggs,rheggshd@creativecommons.org,Agender,87.52.228.213
627,Lelah,Inseal,linsealhe@trellian.com,Female,61.211.58.99
628,Torie,Coonan,tcoonanhf@about.com,Agender,11.163.153.13
629,Nial,Pawlyn,npawlynhg@hexun.com,Female,207.36.113.142
630,Kassia,Redmayne,kredmaynehh@howstuffworks.com,Female,5.255.131.204
631,Alice,Raulston,araulstonhi@feedburner.com,Female,123.114.160.218
632,Eryn,Heustace,eheustacehj@alexa.com,Male,68.116.15.244
633,Sonni,Skilbeck,sskilbeckhk@dagondesign.com,Female,65.31.153.105
634,Adelaide,Pray,aprayhl@posterous.com,Female,31.134.96.112
635,Maurizia,Keston,mkestonhm@mediafire.com,Agender,15.103.122.148
636,Catie,Woodington,cwoodingtonhn@salon.com,Male,78.144.194.124
637,Keane,Tyrrell,ktyrrellho@facebook.com,Female,207.137.227.58
638,Larissa,Spriggen,lspriggenhp@plala.or.jp,Agender,82.199.244.171
639,Sandie,Walkey,swalkeyhq@mit.edu,Male,113.236.136.222
640,Cordelie,Custy,ccustyhr@slideshare.net,Female,53.203.243.158
641,Cassie,Gianullo,cgianullohs@marriott.com,Polygender,130.187.9.181
642,Eal,Di Francecshi,edifrancecshiht@dyndns.org,Male,154.10.40.154
643,Lisha,Dahlman,ldahlmanhu@deviantart.com,Male,242.101.117.80
644,Esme,McBain,emcbainhv@google.cn,Male,86.140.110.2
645,Emile,Allingham,eallinghamhw@google.es,Female,24.114.54.65
646,Eli,Agget,eaggethx@fc2.com,Male,153.62.7.231
647,Conni,Gutridge,cgutridgehy@nbcnews.com,Female,128.229.180.87
648,Salaidh,Blackaller,sblackallerhz@jugem.jp,Female,191.193.146.0
649,Laurie,Davidoff,ldavidoffi0@gmpg.org,Female,52.109.255.42
650,Garry,Hegarty,ghegartyi1@fc2.com,Male,247.227.236.74
651,Blake,Rudgerd,brudgerdi2@yahoo.co.jp,Male,192.142.122.196
652,Tessy,Medland,tmedlandi3@bravesites.com,Genderqueer,72.226.41.98
653,Colas,Shippard,cshippardi4@bloglovin.com,Male,189.33.38.255
654,Mireielle,Chattelaine,mchattelainei5@paypal.com,Female,151.102.123.215
655,Deanna,Iuorio,diuorioi6@adobe.com,Male,197.210.209.141
656,Mariam,Brekonridge,mbrekonridgei7@hatena.ne.jp,Male,220.161.65.140
657,Cirstoforo,MacKimm,cmackimmi8@icio.us,Female,254.148.54.85
658,Waylen,Haskey,whaskeyi9@yolasite.com,Female,169.238.194.181
659,Fulton,Outram,foutramia@ustream.tv,Female,253.172.179.14
660,Egan,Burrow,eburrowib@dailymotion.com,Female,101.250.195.203
661,Phyllida,Kennea,pkenneaic@imdb.com,Male,53.200.85.213
662,Mareah,Befroy,mbefroyid@skype.com,Female,186.216.41.122
663,Harli,Pentycross,hpentycrossie@sphinn.com,Female,150.37.5.218
664,Elijah,Le feaver,elefeaverif@php.net,Female,227.173.57.36
665,Terri-jo,Riceards,triceardsig@mit.edu,Female,252.211.167.166
666,Kippy,Wynrehame,kwynrehameih@businessinsider.com,Genderfluid,1.115.97.148
667,Pat,Benito,pbenitoii@adobe.com,Male,46.117.156.131
668,Sallee,Etteridge,setteridgeij@altervista.org,Female,211.237.17.230
669,Eric,Somerset,esomersetik@huffingtonpost.com,Male,91.6.196.87
670,Gail,Gyves,ggyvesil@addtoany.com,Male,188.163.61.195
671,Harv,Simco,hsimcoim@bloglines.com,Male,56.167.116.172
672,Shaughn,Kleinhaut,skleinhautin@bandcamp.com,Female,248.94.132.18
673,Gawain,Russi,grussiio@merriam-webster.com,Male,214.127.32.34
674,Yuri,Oliver,yoliverip@who.int,Male,106.146.162.191
675,Richardo,Baggarley,rbaggarleyiq@apple.com,Agender,13.188.211.245
676,Lothario,Mallord,lmallordir@boston.com,Agender,201.239.110.230
677,Faydra,Vanini,fvaniniis@princeton.edu,Female,17.36.162.217
678,Verna,Catonne,vcatonneit@who.int,Female,53.54.236.124
679,Fannie,Haile,fhaileiu@nsw.gov.au,Male,232.78.158.177
680,Quinn,Sandey,qsandeyiv@lulu.com,Female,241.21.221.116
681,Mathias,Portch,mportchiw@moonfruit.com,Male,190.39.159.213
682,Fiorenze,Bescoby,fbescobyix@ustream.tv,Genderfluid,45.62.185.181
683,Colas,Kynett,ckynettiy@rakuten.co.jp,Female,173.169.69.118
684,June,Dudenie,jdudenieiz@house.gov,Male,36.144.145.251
685,Skipper,Olpin,solpinj0@ifeng.com,Female,234.117.113.222
686,Chere,Simonutti,csimonuttij1@army.mil,Male,169.251.95.85
687,Barclay,Tzar,btzarj2@blogtalkradio.com,Male,103.192.130.218
688,Cilka,Peterkin,cpeterkinj3@salon.com,Genderqueer,64.137.14.237
689,Octavius,Treske,otreskej4@ibm.com,Male,104.225.55.143
690,Indira,Bonnesen,ibonnesenj5@alexa.com,Female,31.40.35.217
691,Igor,Oxenbury,ioxenburyj6@cornell.edu,Male,65.32.31.109
692,Munmro,Needs,mneedsj7@spiegel.de,Female,188.66.241.0
693,Ruby,Whysall,rwhysallj8@gravatar.com,Female,62.119.234.42
694,Codi,Barnwill,cbarnwillj9@tumblr.com,Male,98.124.76.118
695,Jerrilyn,Mcmanaman,jmcmanamanja@msu.edu,Female,221.204.184.116
696,Alyse,Feasey,afeaseyjb@nih.gov,Male,182.172.46.160
697,Alisander,Marder,amarderjc@mail.ru,Male,191.81.210.197
698,Read,Skillern,rskillernjd@msn.com,Female,171.154.61.247
699,Nolan,Lassell,nlassellje@cornell.edu,Female,185.162.92.101
700,Nerty,Volcker,nvolckerjf@marriott.com,Female,78.253.157.131
701,Gustaf,Worsfield,gworsfieldjg@topsy.com,Male,88.9.238.116
702,Lorens,Walbrun,lwalbrunjh@nydailynews.com,Non-binary,193.213.74.241
703,Nance,Norssister,nnorssisterji@illinois.edu,Male,123.122.141.248
704,Sacha,Trewhella,strewhellajj@purevolume.com,Male,164.40.114.34
705,Vachel,Bevans,vbevansjk@ted.com,Male,41.40.252.8
706,Linzy,Sinson,lsinsonjl@accuweather.com,Female,11.109.196.107
707,May,Pedlow,mpedlowjm@tmall.com,Female,75.236.155.248
708,Orelle,Sweetland,osweetlandjn@imageshack.us,Male,2.170.58.148
709,Nickola,Pressland,npresslandjo@barnesandnoble.com,Female,83.252.171.135
710,Honor,Milesap,hmilesapjp@mozilla.com,Female,197.44.51.190
711,Jone,Chaman,jchamanjq@nasa.gov,Female,159.208.19.36
712,Philipa,Klehn,pklehnjr@ask.com,Male,194.160.67.133
713,Cathi,Yarnold,cyarnoldjs@uiuc.edu,Female,193.93.3.27
714,Cleo,Proswell,cproswelljt@goo.ne.jp,Male,202.97.222.111
715,Erminie,Jealous,ejealousju@bravesites.com,Male,5.45.126.196
716,Eugine,Farrar,efarrarjv@merriam-webster.com,Male,254.127.75.131
717,Moises,Bucktrout,mbucktroutjw@ucla.edu,Male,212.130.83.63
718,Almira,Bullivant,abullivantjx@dion.ne.jp,Non-binary,41.187.28.167
719,Lorry,Genike,lgenikejy@google.ru,Male,49.161.212.59
720,Miller,Baroux,mbarouxjz@vkontakte.ru,Female,242.189.207.65
721,Ollie,De Hailes,odehailesk0@google.com,Female,197.242.135.75
722,Bobette,McOwen,bmcowenk1@spotify.com,Male,25.39.64.192
723,Diandra,Redish,dredishk2@ibm.com,Female,239.172.237.133
724,Eugene,Handyside,ehandysidek3@devhub.com,Male,105.209.122.236
725,Marni,Le feaver,mlefeaverk4@etsy.com,Male,62.136.220.137
726,Kaspar,Jardine,kjardinek5@bizjournals.com,Agender,182.156.203.191
727,Konrad,Lomansey,klomanseyk6@addthis.com,Female,177.114.248.176
728,Fred,Rubury,fruburyk7@dyndns.org,Female,183.251.97.198
729,Patricia,Stubbeley,pstubbeleyk8@gravatar.com,Female,186.120.224.222
730,Xena,McGeachy,xmcgeachyk9@constantcontact.com,Female,141.114.112.133
731,Leontyne,Veale,lvealeka@hao123.com,Female,28.143.234.44
732,Lethia,Askam,laskamkb@smugmug.com,Female,171.87.175.13
733,Harlan,O'Garmen,hogarmenkc@blinklist.com,Female,245.193.9.169
734,Abel,Sangwine,asangwinekd@wiley.com,Female,66.69.163.121
735,Piper,Veldstra,pveldstrake@privacy.gov.au,Male,237.175.19.81
736,Bradford,Colum,bcolumkf@163.com,Female,177.178.156.243
737,Buddie,Leman,blemankg@nasa.gov,Male,218.58.38.219
738,Adi,Pohlke,apohlkekh@engadget.com,Male,75.69.183.112
739,Lorelei,Badder,lbadderki@umn.edu,Female,96.139.62.144
740,Constantine,Eilhertsen,ceilhertsenkj@usa.gov,Male,120.15.243.125
741,Janette,MacLardie,jmaclardiekk@mlb.com,Female,155.56.252.42
742,Pincas,Mufford,pmuffordkl@illinois.edu,Female,65.144.76.190
743,Bryant,Spence,bspencekm@phoca.cz,Female,91.189.197.98
744,Hort,Graalmans,hgraalmanskn@pen.io,Female,197.197.60.243
745,Danica,Steeden,dsteedenko@instagram.com,Female,129.26.152.191
746,Esdras,Gregon,egregonkp@acquirethisname.com,Male,76.188.1.54
747,Ellwood,Tilmouth,etilmouthkq@altervista.org,Male,48.61.215.27
748,Margareta,Backen,mbackenkr@sourceforge.net,Female,66.12.0.217
749,Evan,Shead,esheadks@telegraph.co.uk,Male,155.113.193.182
750,Hugh,Collinwood,hcollinwoodkt@wordpress.org,Female,90.139.11.241
751,Cort,Farr,cfarrku@walmart.com,Female,117.107.206.151
752,Christoper,Castro,ccastrokv@ebay.co.uk,Female,90.151.158.150
753,Miltie,Holliar,mholliarkw@usgs.gov,Female,166.84.156.34
754,Freddi,Castan,fcastankx@gravatar.com,Non-binary,242.95.6.8
755,Olva,Vanderson,ovandersonky@moonfruit.com,Agender,232.83.64.39
756,Stephannie,Gorke,sgorkekz@tinypic.com,Female,231.247.66.242
757,Gregory,Thrush,gthrushl0@google.it,Agender,87.244.119.2
758,Corbin,Webley,cwebleyl1@blogger.com,Male,173.20.235.248
759,Yelena,Romain,yromainl2@usa.gov,Female,147.143.164.55
760,Legra,Broadist,lbroadistl3@unblog.fr,Male,100.23.110.91
761,Alvy,Benaine,abenainel4@marketwatch.com,Female,14.13.125.236
762,Cacilia,Haldin,chaldinl5@ow.ly,Female,112.42.88.137
763,Lancelot,Selland,lsellandl6@ucoz.ru,Male,196.216.55.75
764,Antoinette,Collen,acollenl7@google.com.au,Female,73.148.76.188
765,Katey,Gringley,kgringleyl8@mozilla.com,Male,91.78.153.146
766,Mora,Matschuk,mmatschukl9@hao123.com,Male,164.46.8.192
767,Ax,Parrish,aparrishla@hexun.com,Male,93.48.202.134
768,Lian,Darling,ldarlinglb@flickr.com,Female,89.254.43.159
769,Tami,Hasty,thastylc@51.la,Genderfluid,57.148.243.204
770,Christoforo,Mustarde,cmustardeld@stanford.edu,Female,224.213.181.163
771,Loutitia,Philippou,lphilippoule@cbsnews.com,Male,48.234.94.3
772,Tymon,Kenninghan,tkenninghanlf@freewebs.com,Male,15.59.36.106
773,Regan,Kingswoode,rkingswoodelg@live.com,Female,81.67.40.207
774,Libbey,Backs,lbackslh@cdbaby.com,Non-binary,210.4.35.19
775,Barthel,Spickett,bspickettli@livejournal.com,Male,4.232.232.157
776,Dill,Farguhar,dfarguharlj@angelfire.com,Female,53.200.38.161
777,Marya,Robilliard,mrobilliardlk@technorati.com,Bigender,134.212.180.251
778,Brook,Coare,bcoarell@yelp.com,Polygender,209.225.157.113
779,Randall,Brewins,rbrewinslm@t-online.de,Female,128.238.55.220
780,Evin,Adamiec,eadamiecln@independent.co.uk,Male,107.4.149.51
781,Farra,Watkiss,fwatkisslo@paginegialle.it,Male,124.71.90.82
782,Bertie,Slocom,bslocomlp@sfgate.com,Genderfluid,48.254.120.84
783,Isa,Speares,ispeareslq@ezinearticles.com,Male,179.3.216.67
784,Jaimie,McMenemy,jmcmenemylr@arstechnica.com,Female,55.191.190.247
785,Lionel,Attenbarrow,lattenbarrowls@ustream.tv,Female,46.164.163.249
786,Hyacinthia,Stilliard,hstilliardlt@chronoengine.com,Female,102.251.76.120
787,Tommie,De Bernardi,tdebernardilu@un.org,Female,192.121.84.70
788,Freeman,Jolliss,fjollisslv@bravesites.com,Male,233.255.29.207
789,Hurleigh,Burkman,hburkmanlw@usnews.com,Female,244.43.210.167
790,Denni,Cogger,dcoggerlx@smugmug.com,Male,238.233.65.210
791,Camala,Laing,claingly@un.org,Male,99.217.24.186
792,Esther,Brok,ebroklz@etsy.com,Female,2.84.29.60
793,Aldridge,Kohneke,akohnekem0@telegraph.co.uk,Female,70.10.43.205
794,Aretha,Denley,adenleym1@amazonaws.com,Female,62.210.129.59
795,Phillis,Houldey,phouldeym2@sohu.com,Female,195.43.187.243
796,Corny,Maffulli,cmaffullim3@networksolutions.com,Non-binary,219.201.80.165
797,Gavrielle,Gremane,ggremanem4@mit.edu,Male,90.249.222.55
798,Craggie,Jarvie,cjarviem5@github.com,Male,81.107.134.105
799,Chiquita,Fleming,cflemingm6@irs.gov,Female,141.254.115.62
800,Annabela,Gollard,agollardm7@ifeng.com,Male,110.215.243.74
801,Eliza,Preon,epreonm8@ftc.gov,Female,44.218.176.167
802,Karlis,Palmby,kpalmbym9@cdc.gov,Female,115.171.124.99
803,Fernanda,Fennell,ffennellma@vimeo.com,Male,72.80.196.66
804,Cris,Glanert,cglanertmb@sina.com.cn,Agender,89.198.191.169
805,Petey,Cabena,pcabenamc@seattletimes.com,Female,34.196.116.20
806,Ianthe,Doodson,idoodsonmd@weather.com,Male,54.119.69.170
807,Lane,Morilla,lmorillame@npr.org,Female,62.123.125.210
808,Ramsey,Sorton,rsortonmf@usnews.com,Female,200.89.156.81
809,Cleavland,Muschette,cmuschettemg@free.fr,Agender,80.227.110.76
810,Nara,Pennetti,npennettimh@nyu.edu,Male,54.124.231.175
811,Emilio,Fernando,efernandomi@sciencedaily.com,Female,244.32.60.82
812,Kelci,Gawen,kgawenmj@scribd.com,Polygender,58.7.110.220
813,Efren,Neary,enearymk@oakley.com,Female,33.81.108.71
814,Cleo,Delacroix,cdelacroixml@google.pl,Non-binary,159.245.124.74
815,Wyatan,Spawton,wspawtonmm@wp.com,Male,97.152.26.176
816,Kial,De Clairmont,kdeclairmontmn@yelp.com,Agender,111.4.11.76
817,Katerine,Brehaut,kbrehautmo@tamu.edu,Female,214.58.14.17
818,Pierrette,McGiffin,pmcgiffinmp@hostgator.com,Female,114.41.146.120
819,Rona,Southern,rsouthernmq@weather.com,Male,58.185.102.231
820,Ysabel,Forton,yfortonmr@oaic.gov.au,Female,158.149.169.109
821,Ryun,Lerer,rlererms@posterous.com,Male,212.55.213.190
822,Chrissy,Ketchaside,cketchasidemt@usa.gov,Male,12.216.70.61
823,Lemmie,Triggol,ltriggolmu@networksolutions.com,Genderqueer,120.4.212.41
824,Ardys,Voden,avodenmv@state.tx.us,Male,43.124.119.186
825,Cass,Frobisher,cfrobishermw@wikipedia.org,Female,253.196.147.70
826,Niall,Alexsandrov,nalexsandrovmx@trellian.com,Male,59.22.187.242
827,Georgeanna,Orniz,gornizmy@earthlink.net,Male,169.53.130.21
828,Fonzie,Beden,fbedenmz@sakura.ne.jp,Male,27.193.133.173
829,Giana,Apple,gapplen0@wikimedia.org,Female,138.46.230.151
830,Asa,Gibbett,agibbettn1@loc.gov,Female,55.227.131.219
831,Eloise,Magovern,emagovernn2@japanpost.jp,Male,31.149.47.155
832,Jerrie,Chelnam,jchelnamn3@statcounter.com,Female,105.69.90.1
833,Kittie,Lumbers,klumbersn4@tuttocitta.it,Polygender,69.125.189.67
834,Nonah,Turneux,nturneuxn5@princeton.edu,Male,161.67.215.117
835,Danila,Poleykett,dpoleykettn6@trellian.com,Female,91.140.224.111
836,Cesar,Melton,cmeltonn7@ocn.ne.jp,Female,199.129.168.68
837,Cosimo,Ebunoluwa,cebunoluwan8@51.la,Female,126.224.123.9
838,Millie,Kyberd,mkyberdn9@taobao.com,Female,242.106.173.77
839,Lelah,Kenvin,lkenvinna@last.fm,Female,103.190.239.200
840,Timothea,Sturney,tsturneynb@sogou.com,Female,132.202.104.112
841,Maighdiln,Hume,mhumenc@hibu.com,Male,73.138.52.110
842,Louisa,Kenner,lkennernd@nsw.gov.au,Female,65.70.88.248
843,Bone,Jacob,bjacobne@prweb.com,Female,113.244.52.232
844,Saba,Emblen,semblennf@lulu.com,Female,201.132.211.228
845,Ramsey,Brackenbury,rbrackenburyng@sciencedirect.com,Male,73.206.249.219
846,Jamaal,Lowne,jlownenh@ted.com,Female,45.99.190.232
847,Karoline,Neal,knealni@example.com,Female,11.89.53.66
848,Link,Abbotts,labbottsnj@usnews.com,Male,172.89.96.140
849,Bink,Merigeau,bmerigeaunk@instagram.com,Male,13.223.133.197
850,Sam,Pendred,spendrednl@tuttocitta.it,Female,124.61.24.85
851,Hetty,Checchi,hchecchinm@telegraph.co.uk,Female,14.123.249.65
852,Gabbi,Flewitt,gflewittnn@aboutads.info,Male,163.54.72.117
853,Donnie,McAllister,dmcallisterno@ebay.co.uk,Female,179.158.140.81
854,Berte,Bonnett,bbonnettnp@comcast.net,Male,235.205.86.78
855,Benjamin,Gringley,bgringleynq@home.pl,Female,21.0.138.177
856,Franciska,Di Matteo,fdimatteonr@newyorker.com,Female,99.5.242.77
857,Mikael,Kingsman,mkingsmanns@geocities.jp,Male,216.188.109.162
858,Kelsey,Gibard,kgibardnt@wisc.edu,Bigender,195.88.226.34
859,Noellyn,Dahler,ndahlernu@virginia.edu,Female,95.27.141.238
860,Moise,Lavington,mlavingtonnv@weibo.com,Male,18.60.97.196
861,Donella,Burtenshaw,dburtenshawnw@cmu.edu,Female,246.9.153.178
862,Natale,Rust,nrustnx@paginegialle.it,Female,84.65.244.127
863,Leopold,Van den Bosch,lvandenboschny@narod.ru,Male,54.229.130.59
864,Boyce,Gammie,bgammienz@myspace.com,Male,136.248.249.127
865,Mallory,Hearfield,mhearfieldo0@baidu.com,Female,38.16.220.60
866,Lena,Tribble,ltribbleo1@amazon.de,Female,144.100.91.114
867,Aloisia,Bentz,abentzo2@mlb.com,Male,39.193.43.50
868,Linet,Schubart,lschubarto3@examiner.com,Female,166.147.157.110
869,Gardie,Bewley,gbewleyo4@hp.com,Male,17.18.163.132
870,Kelsi,Blackboro,kblackboroo5@behance.net,Female,184.79.255.190
871,Niki,Ormistone,normistoneo6@yolasite.com,Female,9.127.53.239
872,Susanetta,Chasemoore,schasemooreo7@sourceforge.net,Female,93.224.185.202
873,Haily,Everiss,heverisso8@whitehouse.gov,Male,31.249.178.211
874,Alyson,Urpeth,aurpetho9@gov.uk,Genderqueer,100.227.184.93
875,Leone,Dracksford,ldracksfordoa@miitbeian.gov.cn,Female,66.143.48.218
876,Grantley,Kienzle,gkienzleob@smh.com.au,Female,237.235.11.107
877,Salomo,Stanford,sstanfordoc@last.fm,Male,245.103.33.170
878,Colman,Durrance,cdurranceod@soundcloud.com,Polygender,95.232.102.168
879,Esteban,Ferrier,eferrieroe@unblog.fr,Female,82.202.28.185
880,Westbrooke,Shilstone,wshilstoneof@altervista.org,Bigender,34.131.198.47
881,Bax,Kemer,bkemerog@sun.com,Male,173.206.238.165
882,Fraser,Stratford,fstratfordoh@fc2.com,Female,19.223.164.199
883,Emmy,Mulbery,emulberyoi@zimbio.com,Male,163.15.129.179
884,Yolane,Dashper,ydashperoj@ed.gov,Female,58.177.234.108
885,Latrina,Gair,lgairok@ow.ly,Female,227.196.33.111
886,Roxanna,Clouter,rclouterol@hp.com,Male,34.230.161.69
887,Silvan,Klimkin,sklimkinom@drupal.org,Male,246.87.241.126
888,Reinwald,Vink,rvinkon@utexas.edu,Male,14.67.71.35
889,Lincoln,Fountain,lfountainoo@jigsy.com,Male,31.246.67.109
890,Case,Chittenden,cchittendenop@stanford.edu,Male,61.47.61.53
891,Corine,Gawen,cgawenoq@accuweather.com,Genderfluid,249.232.44.25
892,Jakob,Rookeby,jrookebyor@hexun.com,Genderqueer,0.7.41.237
893,Giff,Lovstrom,glovstromos@ow.ly,Female,207.34.105.60
894,Caz,Popland,cpoplandot@imgur.com,Female,8.232.104.65
895,Sammy,Radolf,sradolfou@vimeo.com,Male,163.80.7.43
896,Ina,Watterson,iwattersonov@examiner.com,Genderqueer,54.253.139.159
897,Brigg,Whelan,bwhelanow@issuu.com,Male,174.56.101.133
898,Layton,Cordeix,lcordeixox@miibeian.gov.cn,Female,125.29.200.14
899,Sileas,Lipyeat,slipyeatoy@google.nl,Female,95.206.42.238
900,Misti,Crocker,mcrockeroz@netscape.com,Agender,250.123.218.135
901,Zelda,Greenier,zgreenierp0@tinyurl.com,Male,162.113.65.168
902,Dorey,Snazle,dsnazlep1@blogtalkradio.com,Male,64.72.58.78
903,Nichol,Griffitt,ngriffittp2@bandcamp.com,Male,76.237.208.123
904,Georas,Kernell,gkernellp3@google.it,Female,45.84.35.133
905,Stefano,Saladine,ssaladinep4@deviantart.com,Female,229.57.204.24
906,Far,Jeffcock,fjeffcockp5@live.com,Female,112.223.1.38
907,Isidoro,Dahle,idahlep6@psu.edu,Female,152.236.7.35
908,Astrix,Readmire,areadmirep7@free.fr,Female,48.109.22.216
909,Mayor,Fibbings,mfibbingsp8@fc2.com,Male,134.8.165.167
910,Ethan,Packwood,epackwoodp9@netscape.com,Male,209.140.158.136
911,Gearard,McGenn,gmcgennpa@blinklist.com,Male,5.190.14.189
912,Janessa,Burgett,jburgettpb@tmall.com,Female,14.235.253.51
913,Kimberly,Chiddy,kchiddypc@google.ca,Male,82.25.197.62
914,Burton,Macenzy,bmacenzypd@disqus.com,Male,192.70.55.123
915,Dorie,Klamman,dklammanpe@last.fm,Male,71.113.145.3
916,Marcelline,Tacker,mtackerpf@weather.com,Female,242.8.242.116
917,Chanda,Arp,carppg@cornell.edu,Female,160.184.107.180
918,Phillida,Borkett,pborkettph@deliciousdays.com,Male,232.50.87.177
919,Caty,Cavey,ccaveypi@cocolog-nifty.com,Male,28.230.176.32
920,Roxi,Billie,rbilliepj@tinyurl.com,Male,144.66.78.184
921,Bernette,Moncur,bmoncurpk@newyorker.com,Female,131.126.214.50
922,Georgena,Vargas,gvargaspl@nature.com,Male,152.159.156.250
923,Fenelia,Meneghelli,fmeneghellipm@miibeian.gov.cn,Male,182.199.22.179
924,Atalanta,Slemming,aslemmingpn@yandex.ru,Male,151.129.67.174
925,Aksel,Bissex,abissexpo@diigo.com,Male,27.209.32.58
926,Wendel,Jurisic,wjurisicpp@aboutads.info,Female,86.169.171.205
927,Craggie,de Clerc,cdeclercpq@goo.gl,Female,99.136.61.200
928,Rosetta,Looks,rlookspr@mayoclinic.com,Male,134.61.125.128
929,Madel,McMorland,mmcmorlandps@pbs.org,Male,225.177.167.194
930,Evvy,Yekel,eyekelpt@webnode.com,Male,122.74.62.221
931,Lothaire,Wadmore,lwadmorepu@bluehost.com,Genderqueer,59.223.126.223
932,Gottfried,Kneath,gkneathpv@jugem.jp,Male,64.165.163.22
933,Elana,Catonne,ecatonnepw@walmart.com,Genderfluid,11.62.106.105
934,Donal,Meron,dmeronpx@smugmug.com,Polygender,124.157.29.24
935,Elva,Van de Velde,evandeveldepy@mtv.com,Female,9.126.75.52
936,Adam,Smartman,asmartmanpz@angelfire.com,Female,220.26.54.59
937,Millie,MacCahey,mmaccaheyq0@timesonline.co.uk,Female,241.165.178.221
938,Evita,Casillis,ecasillisq1@imgur.com,Male,169.36.89.112
939,Cati,Royl,croylq2@symantec.com,Female,118.230.26.230
940,Wendel,Cammock,wcammockq3@patch.com,Female,236.224.28.87
941,Yancy,Hixson,yhixsonq4@eventbrite.com,Female,14.127.70.112
942,Nita,Rawdall,nrawdallq5@gravatar.com,Male,108.220.3.146
943,Raquela,Mate,rmateq6@whitehouse.gov,Bigender,165.42.95.237
944,Carlina,Lindwall,clindwallq7@disqus.com,Female,77.59.60.61
945,Valentine,Guidelli,vguidelliq8@msu.edu,Male,204.168.22.35
946,Daryle,Arnely,darnelyq9@illinois.edu,Male,72.86.20.160
947,Christiana,Melmeth,cmelmethqa@vinaora.com,Male,222.230.253.10
948,Vicky,Fulham,vfulhamqb@shinystat.com,Female,157.193.252.82
949,Mabel,Diglin,mdiglinqc@infoseek.co.jp,Male,106.80.190.139
950,Rich,Bende,rbendeqd@goo.gl,Agender,153.67.7.210
951,Abbe,Yakebovich,ayakebovichqe@google.nl,Female,251.210.255.71
952,Sidonia,Di Meo,sdimeoqf@skyrock.com,Agender,49.165.26.194
953,Daveen,Harflete,dharfleteqg@shutterfly.com,Male,156.233.88.226
954,Britta,Licciardiello,blicciardielloqh@bbb.org,Female,118.50.226.17
955,Fayth,Grangier,fgrangierqi@cafepress.com,Male,19.228.174.142
956,Marylee,Crossan,mcrossanqj@lycos.com,Male,178.57.219.127
957,Avram,Auletta,aaulettaqk@ebay.co.uk,Polygender,243.243.186.159
958,Fawne,Hawkings,fhawkingsql@over-blog.com,Male,38.243.0.119
959,Giordano,Playfair,gplayfairqm@guardian.co.uk,Female,99.43.13.92
960,Ethelbert,Bernardelli,ebernardelliqn@prweb.com,Female,94.148.102.102
961,Buddy,Wheatman,bwheatmanqo@printfriendly.com,Male,83.14.189.236
962,Carin,Walworche,cwalworcheqp@mlb.com,Female,151.129.184.136
963,Bartolomeo,Wroe,bwroeqq@usa.gov,Male,244.113.157.202
964,Iris,Carnelley,icarnelleyqr@instagram.com,Female,174.37.79.32
965,Germana,Cavil,gcavilqs@dropbox.com,Non-binary,48.99.186.120
966,Car,Rastall,crastallqt@is.gd,Male,60.226.28.80
967,Nerissa,Delamaine,ndelamainequ@imdb.com,Male,198.201.203.190
968,Ariel,Dyka,adykaqv@topsy.com,Female,89.203.255.39
969,Howey,Lowne,hlowneqw@reuters.com,Male,200.98.216.112
970,Natalie,Lambart,nlambartqx@biglobe.ne.jp,Female,190.170.92.63
971,Erinna,Keuning,ekeuningqy@ox.ac.uk,Male,173.203.209.124
972,Maura,Stott,mstottqz@meetup.com,Female,85.33.153.239
973,Marty,Gatiss,mgatissr0@vinaora.com,Female,144.101.245.79
974,Alex,Demann,ademannr1@sourceforge.net,Male,151.140.244.29
975,Burt,Woolnough,bwoolnoughr2@latimes.com,Female,248.78.51.165
976,Fallon,Aspin,faspinr3@cargocollective.com,Male,52.96.206.221
977,Verney,Dodgson,vdodgsonr4@topsy.com,Female,44.204.157.69
978,Baldwin,Tidbald,btidbaldr5@joomla.org,Male,172.139.98.29
979,Puff,Scarce,pscarcer6@usa.gov,Male,2.81.79.62
980,Gabriello,Geekin,ggeekinr7@bbb.org,Male,165.67.249.155
981,Lyssa,Franschini,lfranschinir8@salon.com,Female,36.130.206.11
982,Sidonnie,Elliman,sellimanr9@microsoft.com,Male,156.164.90.100
983,Sergeant,Digle,sdiglera@ft.com,Female,187.217.252.248
984,Betti,Weatherdon,bweatherdonrb@flickr.com,Male,98.67.1.92
985,Lorant,Hackleton,lhackletonrc@hp.com,Male,197.254.92.28
986,Sarine,Gherardesci,sgherardescird@naver.com,Female,212.90.108.200
987,Sophronia,Hugett,shugettre@examiner.com,Female,226.137.39.127
988,Darb,Callacher,dcallacherrf@answers.com,Male,101.202.105.206
989,Boycey,Rumsey,brumseyrg@blogspot.com,Female,81.247.129.141
990,Yvon,Ribchester,yribchesterrh@odnoklassniki.ru,Female,141.48.2.144
991,Valle,Caistor,vcaistorri@tripod.com,Female,168.133.107.74
992,Cinda,Cluelow,ccluelowrj@mysql.com,Female,190.54.91.227
993,Isiahi,Booy,ibooyrk@usda.gov,Male,149.224.46.42
994,Jeniece,Dunbar,jdunbarrl@g.co,Male,49.88.74.7
995,Blane,Goodlett,bgoodlettrm@cpanel.net,Male,54.117.171.182
996,Keene,Lorkins,klorkinsrn@posterous.com,Female,87.53.246.42
997,Judon,Cianelli,jcianelliro@meetup.com,Female,158.167.77.175
998,Marley,Simnett,msimnettrp@behance.net,Male,92.243.126.56
999,Nananne,Keelinge,nkeelingerq@un.org,Male,215.7.210.153
1000,Maude,Chalcraft,mchalcraftrr@who.int,Female,61.43.189.9
